driver_id,total_fare,avg_distance
54,136.83,33.57
11,128.58,2.04
8,107.72,29.48
28,131.89,25.66
35,137.97,28.45
71,145.36,33.260000000000005
98,104.49,41.04
100,125.54,29.59
18,91.94,47.05
70,79.16,29.0
75,121.4,9.87
60,104.99,1.55
23,105.27,1.83
55,19.11,9.12
93,114.25,39.74
95,102.25,20.76
58,88.88,2.54
48,94.42,5.87
97,62.77,7.16
67,35.79,37.74
24,27.23,13.69
32,118.95,28.87
56,116.59,29.86
37,71.61,39.44
39,139.45,23.009999999999998
14,40.35,13.05
50,16.93,36.66
